# time,plain_PI,conditional_PI
0.000000000000000000e+00,4.000000000000000083e-02,4.000000000000000083e-02
2.000000000000000042e-02,7.919999999999999263e-02,7.919999999999999263e-02
4.000000000000000083e-02,1.176159999999999983e-01,1.176159999999999983e-01
5.999999999999999778e-02,1.552636800000000150e-01,1.552636800000000150e-01
8.000000000000000167e-02,1.921584064000000092e-01,1.921584064000000092e-01
1.000000000000000056e-01,2.283152382720000095e-01,2.283152382720000095e-01
1.199999999999999956e-01,2.637489335065600349e-01,2.637489335065600349e-01
1.400000000000000133e-01,2.984739548364288564e-01,2.984739548364288564e-01
1.600000000000000033e-01,3.325044757397002670e-01,3.325044757397002670e-01
1.799999999999999933e-01,3.658543862249062917e-01,3.658543862249062917e-01
2.000000000000000111e-01,3.985372985004081436e-01,3.985372985004081436e-01
2.200000000000000011e-01,4.305665525303999930e-01,4.305665525303999930e-01
2.399999999999999911e-01,4.619552214797920109e-01,4.619552214797920109e-01
2.600000000000000089e-01,4.927161170501961895e-01,4.927161170501961895e-01
2.800000000000000266e-01,5.228617947091922513e-01,5.228617947091922513e-01
2.999999999999999889e-01,5.524045588150083841e-01,5.524045588150083841e-01
3.200000000000000067e-01,5.813564676387081853e-01,5.813564676387081853e-01
3.400000000000000244e-01,6.097293382859340083e-01,6.097293382859340083e-01
3.599999999999999867e-01,6.375347515202153259e-01,6.375347515202153259e-01
3.800000000000000044e-01,6.647840564898109816e-01,6.647840564898109816e-01
4.000000000000000222e-01,6.914883753600147287e-01,6.914883753600147287e-01
4.199999999999999845e-01,7.176586078528144341e-01,7.176586078528144341e-01
4.400000000000000022e-01,7.433054356957581321e-01,7.433054356957581321e-01
4.600000000000000200e-01,7.684393269818430294e-01,7.684393269818430294e-01
4.799999999999999822e-01,7.930705404422061511e-01,7.930705404422061511e-01
5.000000000000000000e-01,8.172091296333620081e-01,8.172091296333620081e-01
5.200000000000000178e-01,8.408649470406948101e-01,8.408649470406948101e-01
5.400000000000000355e-01,8.640476480998808828e-01,8.640476480998808828e-01
5.600000000000000533e-01,8.867666951378833096e-01,8.867666951378833096e-01
5.799999999999999600e-01,9.090313612351256234e-01,9.090313612351256234e-01
5.999999999999999778e-01,9.308507340104230643e-01,9.308507340104230643e-01
6.199999999999999956e-01,9.522337193302146119e-01,9.522337193302146119e-01
6.400000000000000133e-01,9.731890449436103596e-01,9.731890449436103596e-01
6.600000000000000311e-01,9.937252640447381546e-01,9.937252640447381546e-01
6.800000000000000488e-01,1.013850758763843452e+00,1.013850758763843452e+00
7.000000000000000666e-01,1.033573743588566574e+00,1.033573743588566574e+00
7.199999999999999734e-01,1.052902268716795264e+00,1.052902268716795264e+00
7.399999999999999911e-01,1.071844223342459435e+00,1.071844223342459435e+00
7.600000000000000089e-01,1.090407338875610144e+00,1.090407338875610144e+00
7.800000000000000266e-01,1.108599192098097985e+00,1.108599192098097985e+00
8.000000000000000444e-01,1.126427208256135959e+00,1.126427208256135959e+00
8.200000000000000622e-01,1.143898664091013151e+00,1.143898664091013151e+00
8.399999999999999689e-01,1.161020690809192901e+00,1.161020690809192901e+00
8.599999999999999867e-01,1.177800276993008932e+00,1.177800276993008932e+00
8.800000000000000044e-01,1.194244271453148709e+00,1.194244271453148709e+00
9.000000000000000222e-01,1.210359386024085770e+00,1.210359386024085770e+00
9.200000000000000400e-01,1.226152198303604113e+00,1.226152198303604113e+00
9.400000000000000577e-01,1.241629154337531959e+00,1.241629154337531959e+00
9.599999999999999645e-01,1.256796571250781369e+00,1.256796571250781369e+00
9.799999999999999822e-01,1.271660639825765715e+00,1.271660639825765715e+00
1.000000000000000000e+00,1.286227427029250414e+00,1.286227427029250414e+00
1.020000000000000018e+00,1.300502878488665415e+00,1.300502878488665415e+00
1.040000000000000036e+00,1.314492820918892191e+00,1.314492820918892191e+00
1.060000000000000053e+00,1.328202964500514449e+00,1.328202964500514449e+00
1.080000000000000071e+00,1.341638905210504218e+00,1.341638905210504218e+00
1.100000000000000089e+00,1.354806127106294111e+00,1.354806127106294111e+00
1.120000000000000107e+00,1.367710004564168136e+00,1.367710004564168136e+00
1.140000000000000124e+00,1.380355804472884751e+00,1.380355804472884751e+00
1.159999999999999920e+00,1.392748688383427025e+00,1.392748688383427025e+00
1.179999999999999938e+00,1.404893714615758515e+00,1.404893714615758515e+00
1.199999999999999956e+00,1.416795840323443301e+00,1.416795840323443301e+00
1.219999999999999973e+00,1.428459923516974373e+00,1.428459923516974373e+00
1.239999999999999991e+00,1.439890725046634845e+00,1.439890725046634845e+00
1.260000000000000009e+00,1.451092910545702219e+00,1.451092910545702219e+00
1.280000000000000027e+00,1.462071052334788179e+00,1.462071052334788179e+00
1.300000000000000044e+00,1.472829631288092411e+00,1.472829631288092411e+00
1.320000000000000062e+00,1.483373038662330501e+00,1.483373038662330501e+00
1.340000000000000080e+00,1.493705577889083980e+00,1.493705577889083980e+00
1.360000000000000098e+00,1.503831466331302380e+00,1.503831466331302380e+00
1.380000000000000115e+00,1.513754837004676279e+00,1.513754837004676279e+00
1.400000000000000133e+00,1.523479740264582771e+00,1.523479740264582771e+00
1.419999999999999929e+00,1.533010145459291040e+00,1.533010145459291040e+00
1.439999999999999947e+00,1.542349942550105268e+00,1.542349942550105268e+00
1.459999999999999964e+00,1.551502943699103243e+00,1.551502943699103243e+00
1.479999999999999982e+00,1.560472884825121254e+00,1.560472884825121254e+00
1.500000000000000000e+00,1.569263427128618771e+00,1.569263427128618771e+00
1.520000000000000018e+00,1.577878158586046409e+00,1.577878158586046409e+00
1.540000000000000036e+00,1.586320595414325574e+00,1.586320595414325574e+00
1.560000000000000053e+00,1.594594183506039098e+00,1.594594183506039098e+00
1.580000000000000071e+00,1.602702299835918387e+00,1.602702299835918387e+00
1.600000000000000089e+00,1.610648253839199961e+00,1.610648253839199961e+00
1.620000000000000107e+00,1.618435288762416047e+00,1.618435288762416047e+00
1.640000000000000124e+00,1.626066582987167664e+00,1.626066582987167664e+00
1.660000000000000142e+00,1.633545251327424230e+00,1.633545251327424230e+00
1.679999999999999938e+00,1.640874346300875697e+00,1.640874346300875697e+00
1.699999999999999956e+00,1.648056859374858130e+00,1.648056859374858130e+00
1.719999999999999973e+00,1.655095722187361007e+00,1.655095722187361007e+00
1.739999999999999991e+00,1.661993807743613827e+00,1.661993807743613827e+00
1.760000000000000009e+00,1.668753931588741635e+00,1.668753931588741635e+00
1.780000000000000027e+00,1.675378852956966869e+00,1.675378852956966869e+00
1.800000000000000044e+00,1.681871275897827589e+00,1.681871275897827589e+00
1.820000000000000062e+00,1.688233850379871059e+00,1.688233850379871059e+00
1.840000000000000080e+00,1.694469173372273652e+00,1.694469173372273652e+00
1.860000000000000098e+00,1.700579789904828276e+00,1.700579789904828276e+00
1.880000000000000115e+00,1.706568194106731662e+00,1.706568194106731662e+00
1.900000000000000133e+00,1.712436830224596918e+00,1.712436830224596918e+00
1.919999999999999929e+00,1.718188093620105050e+00,1.718188093620105050e+00
1.939999999999999947e+00,1.723824331747702887e+00,1.723824331747702887e+00
1.959999999999999964e+00,1.729347845112748860e+00,1.729347845112748860e+00
1.979999999999999982e+00,1.734760888210493901e+00,1.734760888210493901e+00
2.000000000000000000e+00,1.740065670446284019e+00,1.740065670446284019e+00
2.020000000000000018e+00,1.745264357037358272e+00,1.745264357037358272e+00
2.040000000000000036e+00,1.750359069896611164e+00,1.750359069896611164e+00
2.060000000000000053e+00,1.755351888498678958e+00,1.755351888498678958e+00
2.080000000000000071e+00,1.760244850728705401e+00,1.760244850728705401e+00
2.100000000000000089e+00,1.765039953714131249e+00,1.765039953714131249e+00
2.120000000000000107e+00,1.769739154639848655e+00,1.769739154639848655e+00
2.140000000000000124e+00,1.774344371547051713e+00,1.774344371547051713e+00
2.160000000000000142e+00,1.778857484116110665e+00,1.778857484116110665e+00
2.180000000000000160e+00,1.783280334433788417e+00,1.783280334433788417e+00
2.200000000000000178e+00,1.787614727745112653e+00,1.787614727745112653e+00
2.220000000000000195e+00,1.791862433190210435e+00,1.791862433190210435e+00
2.240000000000000213e+00,1.796025184526406138e+00,1.796025184526406138e+00
2.260000000000000231e+00,1.800104680835878046e+00,1.800104680835878046e+00
2.280000000000000249e+00,1.804102587219160503e+00,1.804102587219160503e+00
2.300000000000000266e+00,1.808020535474777368e+00,1.808020535474777368e+00
2.319999999999999840e+00,1.811860124765281910e+00,1.811860124765281910e+00
2.339999999999999858e+00,1.815622922269976236e+00,1.815622922269976236e+00
2.359999999999999876e+00,1.819310463824576729e+00,1.819310463824576729e+00
2.379999999999999893e+00,1.822924254548085266e+00,1.822924254548085266e+00
2.399999999999999911e+00,1.826465769457123578e+00,1.826465769457123578e+00
2.419999999999999929e+00,1.829936454067981000e+00,1.829936454067981000e+00
2.439999999999999947e+00,1.833337724986621398e+00,1.833337724986621398e+00
2.459999999999999964e+00,1.836670970486888876e+00,1.836670970486888876e+00
2.479999999999999982e+00,1.839937551077151179e+00,1.839937551077151179e+00
2.500000000000000000e+00,1.843138800055608151e+00,1.843138800055608151e+00
2.520000000000000018e+00,1.846276024054495979e+00,1.846276024054495979e+00
2.540000000000000036e+00,1.849350503573406135e+00,1.849350503573406135e+00
2.560000000000000053e+00,1.852363493501937963e+00,1.852363493501937963e+00
2.580000000000000071e+00,1.855316223631899186e+00,1.855316223631899186e+00
2.600000000000000089e+00,1.858209899159261269e+00,1.858209899159261269e+00
2.620000000000000107e+00,1.861045701176076150e+00,1.861045701176076150e+00
2.640000000000000124e+00,1.863824787152554618e+00,1.863824787152554618e+00
2.660000000000000142e+00,1.866548291409503513e+00,1.866548291409503513e+00
2.680000000000000160e+00,1.869217325581313371e+00,1.869217325581313371e+00
2.700000000000000178e+00,1.871832979069687042e+00,1.871832979069687042e+00
2.720000000000000195e+00,1.874396319488293328e+00,1.874396319488293328e+00
2.740000000000000213e+00,1.876908393098527528e+00,1.876908393098527528e+00
2.760000000000000231e+00,1.879370225236556946e+00,1.879370225236556946e+00
2.780000000000000249e+00,1.881782820731825900e+00,1.881782820731825900e+00
2.800000000000000266e+00,1.884147164317189427e+00,1.884147164317189427e+00
2.819999999999999840e+00,1.886464221030845545e+00,1.886464221030845545e+00
2.839999999999999858e+00,1.888734936610228621e+00,1.888734936610228621e+00
2.859999999999999876e+00,1.890960237878024142e+00,1.890960237878024142e+00
2.879999999999999893e+00,1.893141033120463668e+00,1.893141033120463668e+00
2.899999999999999911e+00,1.895278212458054501e+00,1.895278212458054501e+00
2.919999999999999929e+00,1.897372648208893509e+00,1.897372648208893509e+00
2.939999999999999947e+00,1.899425195244715647e+00,1.899425195244715647e+00
2.959999999999999964e+00,1.901436691339821294e+00,1.901436691339821294e+00
2.979999999999999982e+00,1.903407957513024940e+00,1.903407957513024940e+00
3.000000000000000000e+00,1.905339798362764459e+00,1.905339798362764459e+00
3.020000000000000018e+00,1.907233002395509081e+00,1.907233002395509081e+00
3.040000000000000036e+00,1.909088342347598832e+00,1.909088342347598832e+00
3.060000000000000053e+00,1.910906575500646909e+00,1.910906575500646909e+00
3.080000000000000071e+00,1.912688443990633980e+00,1.912688443990633980e+00
3.100000000000000089e+00,1.914434675110821216e+00,1.914434675110821216e+00
3.120000000000000107e+00,1.916145981608604831e+00,1.916145981608604831e+00
3.140000000000000124e+00,1.917823061976432708e+00,1.917823061976432708e+00
3.160000000000000142e+00,1.919466600736904116e+00,1.919466600736904116e+00
3.180000000000000160e+00,1.921077268722165998e+00,1.921077268722165998e+00
3.200000000000000178e+00,1.922655723347722612e+00,1.922655723347722612e+00
3.220000000000000195e+00,1.924202608880768217e+00,1.924202608880768217e+00
3.240000000000000213e+00,1.925718556703152951e+00,1.925718556703152951e+00
3.260000000000000231e+00,1.927204185569089789e+00,1.927204185569089789e+00
3.280000000000000249e+00,1.928660101857708087e+00,1.928660101857708087e+00
3.300000000000000266e+00,1.930086899820553814e+00,1.930086899820553814e+00
3.320000000000000284e+00,1.931485161824142649e+00,1.931485161824142649e+00
3.339999999999999858e+00,1.932855458587659836e+00,1.932855458587659836e+00
3.359999999999999876e+00,1.934198349415906737e+00,1.934198349415906737e+00
3.379999999999999893e+00,1.935514382427588664e+00,1.935514382427588664e+00
3.399999999999999911e+00,1.936804094779036811e+00,1.936804094779036811e+00
3.419999999999999929e+00,1.938068012883455982e+00,1.938068012883455982e+00
3.439999999999999947e+00,1.939306652625786942e+00,1.939306652625786942e+00
3.459999999999999964e+00,1.940520519573271097e+00,1.940520519573271097e+00
3.479999999999999982e+00,1.941710109181805644e+00,1.941710109181805644e+00
3.500000000000000000e+00,1.942875906998169588e+00,1.942875906998169588e+00
3.520000000000000018e+00,1.944018388858206103e+00,1.944018388858206103e+00
3.540000000000000036e+00,1.945138021081042057e+00,1.945138021081042057e+00
3.560000000000000053e+00,1.946235260659421318e+00,1.946235260659421318e+00
3.580000000000000071e+00,1.947310555446232883e+00,1.947310555446232883e+00
3.600000000000000089e+00,1.948364344337308207e+00,1.948364344337308207e+00
3.620000000000000107e+00,1.949397057450562132e+00,1.949397057450562132e+00
3.640000000000000124e+00,1.950409116301550894e+00,1.950409116301550894e+00
3.660000000000000142e+00,1.951400933975519836e+00,1.951400933975519836e+00
3.680000000000000160e+00,1.952372915296009426e+00,1.952372915296009426e+00
3.700000000000000178e+00,1.953325456990089304e+00,1.953325456990089304e+00
3.720000000000000195e+00,1.954258947850287420e+00,1.954258947850287420e+00
3.740000000000000213e+00,1.955173768893281760e+00,1.955173768893281760e+00
3.760000000000000231e+00,1.956070293515416170e+00,1.956070293515416170e+00
3.780000000000000249e+00,1.956948887645107771e+00,1.956948887645107771e+00
3.800000000000000266e+00,1.957809909892205713e+00,1.957809909892205713e+00
3.820000000000000284e+00,1.958653711694361643e+00,1.958653711694361643e+00
3.839999999999999858e+00,1.959480637460474517e+00,1.959480637460474517e+00
3.859999999999999876e+00,1.960291024711265040e+00,1.960291024711265040e+00
3.879999999999999893e+00,1.961085204217039690e+00,1.961085204217039690e+00
3.899999999999999911e+00,1.961863500132698945e+00,1.961863500132698945e+00
3.919999999999999929e+00,1.962626230130045002e+00,1.962626230130045002e+00
3.939999999999999947e+00,1.963373705527444057e+00,1.963373705527444057e+00
3.959999999999999964e+00,1.964106231416895110e+00,1.964106231416895110e+00
3.979999999999999982e+00,1.964824106788557234e+00,1.964824106788557234e+00
4.000000000000000000e+00,1.965527624652786187e+00,1.965527624652786187e+00
4.020000000000000462e+00,1.966217072159730517e+00,1.966217072159730517e+00
4.040000000000000036e+00,1.966892730716535809e+00,1.966892730716535809e+00
4.060000000000000497e+00,1.967554876102205030e+00,1.967554876102205030e+00
4.080000000000000071e+00,1.968203778580160934e+00,1.968203778580160934e+00
4.099999999999999645e+00,1.968839703008557818e+00,1.968839703008557818e+00
4.120000000000000107e+00,1.969462908948386604e+00,1.969462908948386604e+00
4.139999999999999680e+00,1.970073650769418983e+00,1.970073650769418983e+00
4.160000000000000142e+00,1.970672177754030585e+00,1.970672177754030585e+00
4.179999999999999716e+00,1.971258734198950036e+00,1.971258734198950036e+00
4.200000000000000178e+00,1.971833559514970968e+00,1.971833559514970968e+00
4.219999999999999751e+00,1.972396888324671638e+00,1.972396888324671638e+00
4.240000000000000213e+00,1.972948950558178094e+00,1.972948950558178094e+00
4.259999999999999787e+00,1.973489971547014443e+00,1.973489971547014443e+00
4.280000000000000249e+00,1.974020172116074168e+00,1.974020172116074168e+00
4.299999999999999822e+00,1.974539768673752693e+00,1.974539768673752693e+00
4.320000000000000284e+00,1.975048973300277622e+00,1.975048973300277622e+00
4.339999999999999858e+00,1.975547993834272154e+00,1.975547993834272154e+00
4.360000000000000320e+00,1.976037033957586786e+00,1.976037033957586786e+00
4.379999999999999893e+00,1.976516293278435032e+00,1.976516293278435032e+00
4.400000000000000355e+00,1.976985967412866252e+00,1.976985967412866252e+00
4.419999999999999929e+00,1.977446248064608891e+00,1.977446248064608891e+00
4.440000000000000391e+00,1.977897323103316785e+00,1.977897323103316785e+00
4.459999999999999964e+00,1.978339376641250480e+00,1.978339376641250480e+00
4.480000000000000426e+00,1.978772589108425572e+00,1.978772589108425572e+00
4.500000000000000000e+00,1.979197137326257128e+00,1.979197137326257128e+00
4.520000000000000462e+00,1.979613194579731950e+00,1.979613194579731950e+00
4.540000000000000036e+00,1.980020930688137337e+00,1.980020930688137337e+00
4.560000000000000497e+00,1.980420512074374528e+00,1.980420512074374528e+00
4.580000000000000071e+00,1.980812101832887029e+00,1.980812101832887029e+00
4.600000000000000533e+00,1.981195859796229364e+00,1.981195859796229364e+00
4.620000000000000107e+00,1.981571942600304670e+00,1.981571942600304670e+00
4.639999999999999680e+00,1.981940503748298665e+00,1.981940503748298665e+00
4.660000000000000142e+00,1.982301693673332643e+00,1.982301693673332643e+00
4.679999999999999716e+00,1.982655659799865910e+00,1.982655659799865910e+00
4.700000000000000178e+00,1.983002546603868543e+00,1.983002546603868543e+00
4.719999999999999751e+00,1.983342495671791106e+00,1.983342495671791106e+00
4.740000000000000213e+00,1.983675645758355310e+00,1.983675645758355310e+00
4.759999999999999787e+00,1.984002132843188271e+00,1.984002132843188271e+00
4.780000000000000249e+00,1.984322090186324550e+00,1.984322090186324550e+00
4.799999999999999822e+00,1.984635648382597983e+00,1.984635648382597983e+00
4.820000000000000284e+00,1.984942935414945930e+00,1.984942935414945930e+00
4.839999999999999858e+00,1.985244076706647043e+00,1.985244076706647043e+00
4.860000000000000320e+00,1.985539195172514093e+00,1.985539195172514093e+00
4.879999999999999893e+00,1.985828411269063842e+00,1.985828411269063842e+00
4.900000000000000355e+00,1.986111843043682601e+00,1.986111843043682601e+00
4.919999999999999929e+00,1.986389606182809020e+00,1.986389606182809020e+00
4.940000000000000391e+00,1.986661814059152764e+00,1.986661814059152764e+00
4.959999999999999964e+00,1.986928577777969718e+00,1.986928577777969718e+00
4.980000000000000426e+00,1.987190006222410377e+00,1.987190006222410377e+00
5.000000000000000000e+00,1.987446206097962076e+00,1.987446206097962076e+00
5.020000000000000462e+00,1.987697281976002817e+00,1.987697281976002817e+00
5.040000000000000036e+00,1.987943336336482680e+00,1.987943336336482680e+00
5.060000000000000497e+00,1.988184469609753036e+00,1.988184469609753036e+00
5.080000000000000071e+00,1.988420780217557970e+00,1.988420780217557970e+00
5.100000000000000533e+00,1.988652364613206824e+00,1.988652364613206824e+00
5.120000000000000107e+00,1.988879317320942697e+00,1.988879317320942697e+00
5.139999999999999680e+00,1.989101730974523807e+00,1.989101730974523807e+00
5.160000000000000142e+00,1.989319696355033251e+00,1.989319696355033251e+00
5.179999999999999716e+00,1.989533302427932693e+00,1.989533302427932693e+00
5.200000000000000178e+00,1.989742636379373986e+00,1.989742636379373986e+00
5.219999999999999751e+00,1.989947783651786484e+00,1.989947783651786484e+00
5.240000000000000213e+00,1.990148827978750701e+00,1.990148827978750701e+00
5.259999999999999787e+00,1.990345851419175638e+00,1.990345851419175638e+00
5.280000000000000249e+00,1.990538934390792214e+00,1.990538934390792214e+00
5.299999999999999822e+00,1.990728155702976343e+00,1.990728155702976343e+00
5.320000000000000284e+00,1.990913592588916758e+00,1.990913592588916758e+00
5.339999999999999858e+00,1.991095320737138463e+00,1.991095320737138463e+00
5.360000000000000320e+00,1.991273414322395796e+00,1.991273414322395796e+00
5.379999999999999893e+00,1.991447946035947769e+00,1.991447946035947769e+00
5.400000000000000355e+00,1.991618987115228778e+00,1.991618987115228778e+00
5.419999999999999929e+00,1.991786607372924234e+00,1.991786607372924234e+00
5.440000000000000391e+00,1.991950875225465767e+00,1.991950875225465767e+00
5.459999999999999964e+00,1.992111857720956447e+00,1.992111857720956447e+00
5.480000000000000426e+00,1.992269620566537336e+00,1.992269620566537336e+00
5.500000000000000000e+00,1.992424228155206478e+00,1.992424228155206478e+00
5.520000000000000462e+00,1.992575743592102322e+00,1.992575743592102322e+00
5.540000000000000036e+00,1.992724228720260227e+00,1.992724228720260227e+00
5.560000000000000497e+00,1.992869744145854938e+00,1.992869744145854938e+00
5.580000000000000071e+00,1.993012349262937910e+00,1.993012349262937910e+00
5.600000000000000533e+00,1.993152102277679250e+00,1.993152102277679250e+00
5.620000000000000107e+00,1.993289060232125598e+00,1.993289060232125598e+00
5.639999999999999680e+00,1.993423279027483064e+00,1.993423279027483064e+00
5.660000000000000142e+00,1.993554813446933416e+00,1.993554813446933416e+00
5.679999999999999716e+00,1.993683717177994641e+00,1.993683717177994641e+00
5.700000000000000178e+00,1.993810042834434748e+00,1.993810042834434748e+00
5.719999999999999751e+00,1.993933841977746146e+00,1.993933841977746146e+00
5.740000000000000213e+00,1.994055165138191255e+00,1.994055165138191255e+00
5.759999999999999787e+00,1.994174061835427336e+00,1.994174061835427336e+00
5.780000000000000249e+00,1.994290580598718776e+00,1.994290580598718776e+00
5.799999999999999822e+00,1.994404768986744347e+00,1.994404768986744347e+00
5.820000000000000284e+00,1.994516673607009460e+00,1.994516673607009460e+00
5.839999999999999858e+00,1.994626340134869169e+00,1.994626340134869169e+00
5.860000000000000320e+00,1.994733813332171701e+00,1.994733813332171701e+00
5.879999999999999893e+00,1.994839137065528289e+00,1.994839137065528289e+00
5.900000000000000355e+00,1.994942354324217737e+00,1.994942354324217737e+00
5.919999999999999929e+00,1.995043507237733493e+00,1.995043507237733493e+00
5.940000000000000391e+00,1.995142637092978788e+00,1.995142637092978788e+00
5.959999999999999964e+00,1.995239784351119150e+00,1.995239784351119150e+00
5.980000000000000426e+00,1.995334988664096754e+00,1.995334988664096754e+00
6.000000000000000000e+00,1.995428288890814805e+00,1.995428288890814805e+00
6.020000000000000462e+00,1.995519723112998411e+00,1.995519723112998411e+00
6.040000000000000036e+00,1.995609328650738368e+00,1.995609328650738368e+00
6.060000000000000497e+00,1.995697142077723640e+00,1.995697142077723640e+00
6.080000000000000071e+00,1.995783199236169203e+00,1.995783199236169203e+00
6.100000000000000533e+00,1.995867535251445890e+00,1.995867535251445890e+00
6.120000000000000107e+00,1.995950184546416928e+00,1.995950184546416928e+00
6.140000000000000568e+00,1.996031180855488696e+00,1.996031180855488696e+00
6.160000000000000142e+00,1.996110557238378824e+00,1.996110557238378824e+00
6.179999999999999716e+00,1.996188346093611177e+00,1.996188346093611177e+00
6.200000000000000178e+00,1.996264579171739051e+00,1.996264579171739051e+00
6.219999999999999751e+00,1.996339287588304368e+00,1.996339287588304368e+00
6.240000000000000213e+00,1.996412501836538178e+00,1.996412501836538178e+00
6.259999999999999787e+00,1.996484251799807375e+00,1.996484251799807375e+00
6.280000000000000249e+00,1.996554566763811156e+00,1.996554566763811156e+00
6.299999999999999822e+00,1.996623475428535022e+00,1.996623475428535022e+00
6.320000000000000284e+00,1.996691005919964290e+00,1.996691005919964290e+00
6.339999999999999858e+00,1.996757185801564916e+00,1.996757185801564916e+00
6.360000000000000320e+00,1.996822042085533599e+00,1.996822042085533599e+00
6.379999999999999893e+00,1.996885601243822972e+00,1.996885601243822972e+00
6.400000000000000355e+00,1.996947889218946504e+00,1.996947889218946504e+00
6.419999999999999929e+00,1.997008931434567591e+00,1.997008931434567591e+00
6.440000000000000391e+00,1.997068752805876146e+00,1.997068752805876146e+00
6.459999999999999964e+00,1.997127377749758681e+00,1.997127377749758681e+00
6.480000000000000426e+00,1.997184830194763450e+00,1.997184830194763450e+00
6.500000000000000000e+00,1.997241133590868190e+00,1.997241133590868190e+00
6.520000000000000462e+00,1.997296310919050910e+00,1.997296310919050910e+00
6.540000000000000036e+00,1.997350384700669945e+00,1.997350384700669945e+00
6.560000000000000497e+00,1.997403377006656600e+00,1.997403377006656600e+00
6.580000000000000071e+00,1.997455309466523499e+00,1.997455309466523499e+00
6.600000000000000533e+00,1.997506203277193082e+00,1.997506203277193082e+00
6.620000000000000107e+00,1.997556079211649127e+00,1.997556079211649127e+00
6.640000000000000568e+00,1.997604957627416189e+00,1.997604957627416189e+00
6.660000000000000142e+00,1.997652858474867843e+00,1.997652858474867843e+00
6.679999999999999716e+00,1.997699801305370393e+00,1.997699801305370393e+00
6.700000000000000178e+00,1.997745805279262932e+00,1.997745805279262932e+00
6.719999999999999751e+00,1.997790889173677753e+00,1.997790889173677753e+00
6.740000000000000213e+00,1.997835071390204220e+00,1.997835071390204220e+00
6.759999999999999787e+00,1.997878369962400091e+00,1.997878369962400091e+00
6.780000000000000249e+00,1.997920802563152076e+00,1.997920802563152076e+00
6.799999999999999822e+00,1.997962386511888955e+00,1.997962386511888955e+00
6.820000000000000284e+00,1.998003138781651256e+00,1.998003138781651256e+00
6.839999999999999858e+00,1.998043076006018159e+00,1.998043076006018159e+00
6.860000000000000320e+00,1.998082214485897845e+00,1.998082214485897845e+00
6.879999999999999893e+00,1.998120570196179946e+00,1.998120570196179946e+00
6.900000000000000355e+00,1.998158158792256334e+00,1.998158158792256334e+00
6.919999999999999929e+00,1.998194995616411118e+00,1.998194995616411118e+00
6.940000000000000391e+00,1.998231095704082971e+00,1.998231095704082971e+00
6.959999999999999964e+00,1.998266473790001330e+00,1.998266473790001330e+00
6.980000000000000426e+00,1.998301144314201361e+00,1.998301144314201361e+00
7.000000000000000000e+00,1.998335121427917249e+00,1.998335121427917249e+00
7.020000000000000462e+00,1.998368418999358909e+00,1.998368418999358909e+00
7.040000000000000036e+00,1.998401050619371677e+00,1.998401050619371677e+00
7.060000000000000497e+00,1.998433029606984324e+00,1.998433029606984324e+00
7.080000000000000071e+00,1.998464369014844699e+00,1.998464369014844699e+00
7.100000000000000533e+00,1.998495081634547699e+00,1.998495081634547699e+00
7.120000000000000107e+00,1.998525180001856638e+00,1.998525180001856638e+00
7.140000000000000568e+00,1.998554676401819608e+00,1.998554676401819608e+00
7.160000000000000142e+00,1.998583582873783238e+00,1.998583582873783238e+00
7.179999999999999716e+00,1.998611911216307657e+00,1.998611911216307657e+00
7.200000000000000178e+00,1.998639672991981531e+00,1.998639672991981531e+00
7.219999999999999751e+00,1.998666879532141838e+00,1.998666879532141838e+00
7.240000000000000213e+00,1.998693541941499063e+00,1.998693541941499063e+00
7.259999999999999787e+00,1.998719671102669126e+00,1.998719671102669126e+00
7.280000000000000249e+00,1.998745277680615828e+00,1.998745277680615828e+00
7.299999999999999822e+00,1.998770372127003592e+00,1.998770372127003592e+00
7.320000000000000284e+00,1.998794964684463604e+00,1.998794964684463604e+00
7.339999999999999858e+00,1.998819065390774252e+00,1.998819065390774252e+00
7.360000000000000320e+00,1.998842684082958732e+00,1.998842684082958732e+00
7.379999999999999893e+00,1.998865830401299615e+00,1.998865830401299615e+00
7.400000000000000355e+00,1.998888513793273702e+00,1.998888513793273702e+00
7.419999999999999929e+00,1.998910743517408273e+00,1.998910743517408273e+00
7.440000000000000391e+00,1.998932528647060058e+00,1.998932528647060058e+00
7.459999999999999964e+00,1.998953878074118951e+00,1.998953878074118951e+00
7.480000000000000426e+00,1.998974800512636651e+00,1.998974800512636651e+00
7.500000000000000000e+00,1.998995304502383830e+00,1.998995304502383830e+00
7.520000000000000462e+00,1.999015398412336220e+00,1.999015398412336220e+00
7.540000000000000036e+00,1.999035090444089446e+00,1.999035090444089446e+00
7.560000000000000497e+00,1.999054388635207680e+00,1.999054388635207680e+00
7.580000000000000071e+00,1.999073300862503455e+00,1.999073300862503455e+00
7.600000000000000533e+00,1.999091834845253324e+00,1.999091834845253324e+00
7.620000000000000107e+00,1.999109998148348222e+00,1.999109998148348222e+00
7.640000000000000568e+00,1.999127798185381222e+00,1.999127798185381222e+00
7.660000000000000142e+00,1.999145242221673557e+00,1.999145242221673557e+00
7.679999999999999716e+00,1.999162337377240029e+00,1.999162337377240029e+00
7.700000000000000178e+00,1.999179090629695121e+00,1.999179090629695121e+00
7.719999999999999751e+00,1.999195508817101175e+00,1.999195508817101175e+00
7.740000000000000213e+00,1.999211598640759258e+00,1.999211598640759258e+00
7.759999999999999787e+00,1.999227366667944095e+00,1.999227366667944095e+00
7.780000000000000249e+00,1.999242819334585253e+00,1.999242819334585253e+00
7.799999999999999822e+00,1.999257962947893486e+00,1.999257962947893486e+00
7.820000000000000284e+00,1.999272803688935563e+00,1.999272803688935563e+00
7.839999999999999858e+00,1.999287347615156918e+00,1.999287347615156918e+00
7.860000000000000320e+00,1.999301600662853673e+00,1.999301600662853673e+00
7.879999999999999893e+00,1.999315568649596697e+00,1.999315568649596697e+00
7.900000000000000355e+00,1.999329257276604821e+00,1.999329257276604821e+00
7.919999999999999929e+00,1.999342672131072751e+00,1.999342672131072751e+00
7.940000000000000391e+00,1.999355818688451247e+00,1.999355818688451247e+00
7.959999999999999964e+00,1.999368702314682222e+00,1.999368702314682222e+00
7.980000000000000426e+00,1.999381328268388547e+00,1.999381328268388547e+00
8.000000000000000000e+00,1.999393701703020776e+00,1.919418448572285163e+00
8.019999999999999574e+00,1.999405827668960356e+00,1.843933539632902185e+00
8.040000000000000924e+00,1.999417711115581087e+00,1.772683511326339056e+00
8.060000000000000497e+00,1.999429356893269505e+00,1.705438425985487116e+00
8.080000000000000071e+00,1.999440769755404190e+00,1.641980787041461998e+00
8.099999999999999645e+00,1.999451954360296213e+00,1.582104866137763022e+00
8.120000000000000995e+00,1.999462915273090280e+00,1.525616066636432677e+00
8.140000000000000568e+00,1.999473656967628576e+00,1.472330321548018128e+00
8.160000000000000142e+00,1.999484183828275974e+00,1.422073524023584667e+00
8.179999999999999716e+00,1.999494500151710374e+00,1.374680988647721813e+00
8.199999999999999289e+00,1.999504610148676198e+00,1.329996941866723237e+00
8.220000000000000639e+00,1.999514517945702785e+00,1.287874039976217411e+00
8.240000000000000213e+00,1.999524227586788827e+00,1.248172913177744592e+00
8.259999999999999787e+00,1.999533743035053046e+00,1.210761734294387715e+00
8.279999999999999361e+00,1.999543068174352012e+00,1.175515810811815332e+00
8.300000000000000711e+00,1.999552206810864874e+00,1.142317198983223037e+00
8.320000000000000284e+00,1.999561162674647674e+00,1.111054338804886576e+00
8.339999999999999858e+00,1.999569939421154796e+00,1.081621708733575549e+00
8.359999999999999432e+00,1.999578540632731771e+00,1.053919499078125765e+00
8.380000000000000782e+00,1.999586969820077220e+00,1.027853303055208167e+00
8.400000000000000355e+00,1.999595230423675707e+00,1.003333824553960696e+00
8.419999999999999929e+00,1.999603325815202171e+00,9.802766017058103243e-01
8.439999999999999503e+00,1.999611259298898158e+00,9.586017454046916741e-01
8.460000000000000853e+00,1.999619034112920302e+00,9.382336919690943411e-01
8.480000000000000426e+00,1.999626653430661927e+00,9.191009691811032889e-01
8.500000000000000000e+00,1.999634120362048684e+00,9.011359749789615847e-01
8.519999999999999574e+00,1.999641437954807754e+00,8.842747681188104503e-01
8.540000000000000924e+00,1.999648609195711524e+00,8.684568701582751071e-01
8.560000000000000497e+00,1.999655637011797271e+00,8.536250781495738904e-01
8.580000000000000071e+00,1.999662524271561326e+00,8.397252874629440589e-01
8.599999999999999645e+00,1.999669273786130130e+00,8.267063241925042272e-01
8.620000000000000995e+00,1.999675888310407545e+00,8.145197866263026443e-01
8.640000000000000568e+00,1.999682370544199284e+00,8.031198952903315647e-01
8.660000000000000142e+00,1.999688723133315360e+00,7.924633511027983079e-01
8.679999999999999716e+00,1.999694948670649008e+00,7.825092012000240960e-01
8.700000000000001066e+00,1.999701049697236055e+00,7.732187120190634477e-01
8.720000000000000639e+00,1.999707028703291423e+00,7.645552492445764070e-01
8.740000000000000213e+00,1.999712888129225652e+00,7.564841642487125650e-01
8.759999999999999787e+00,1.999718630366641214e+00,7.489726866728422250e-01
8.779999999999999361e+00,1.999724257759308399e+00,7.419898228189645284e-01
8.800000000000000711e+00,1.999729772604122324e+00,7.355062595365842171e-01
8.820000000000000284e+00,1.999735177152039967e+00,7.294942733078446651e-01
8.839999999999999858e+00,1.999740473608999203e+00,7.239276442497777353e-01
8.859999999999999432e+00,1.999745664136819201e+00,7.187815747677362976e-01
8.880000000000000782e+00,1.999750750854082826e+00,7.140326126084574065e-01
8.900000000000000355e+00,1.999755735837001058e+00,7.096585780748095873e-01
8.919999999999999929e+00,1.999760621120260984e+00,7.056384951771459413e-01
8.939999999999999503e+00,1.999765408697855795e+00,7.019525265083581544e-01
8.960000000000000853e+00,1.999770100523898586e+00,6.985819116412409491e-01
8.980000000000000426e+00,1.999774698513420601e+00,6.955089088576681400e-01
9.000000000000000000e+00,1.999779204543152167e+00,6.927167400293845478e-01
9.019999999999999574e+00,1.999783620452289190e+00,6.901895384799634492e-01
9.040000000000000924e+00,1.999787948043243446e+00,6.879122996666982015e-01
9.060000000000000497e+00,1.999792189082378657e+00,6.858708345299152631e-01
9.080000000000000071e+00,1.999796345300731026e+00,6.840517253654460061e-01
9.099999999999999645e+00,1.999800418394716450e+00,6.824422840837953697e-01
9.120000000000000995e+00,1.999804410026822188e+00,6.810305127269268288e-01
9.140000000000000568e+00,1.999808321826285651e+00,6.798050661205635725e-01
9.160000000000000142e+00,1.999812155389759871e+00,6.787552165465094989e-01
9.179999999999999716e+00,1.999815912281964758e+00,6.778708203257400866e-01
9.200000000000001066e+00,1.999819594036325476e+00,6.771422862089219175e-01
9.220000000000000639e+00,1.999823202155599056e+00,6.765605454766085991e-01
9.240000000000000213e+00,1.999826738112487012e+00,6.761170236566472758e-01
9.259999999999999787e+00,1.999830203350237312e+00,6.758036137713311353e-01
9.279999999999999361e+00,1.999833599283232566e+00,6.756126510315637601e-01
9.300000000000000711e+00,1.999836927297568012e+00,6.755368888997755894e-01
9.320000000000000284e+00,1.999840188751616621e+00,6.755694764475645986e-01
9.339999999999999858e+00,1.999843384976584204e+00,6.757039369380384297e-01
9.359999999999999432e+00,1.999846517277052538e+00,6.759341475666205135e-01
9.380000000000000782e+00,1.999849586931511380e+00,6.762543202976675216e-01
9.400000000000000355e+00,1.999852595192881166e+00,6.766589837376304484e-01
9.419999999999999929e+00,1.999855543289023485e+00,6.771429659887002739e-01
9.439999999999999503e+00,1.999858432423243126e+00,6.777013784299099619e-01
9.460000000000000853e+00,1.999861263774778353e+00,6.783296003755305836e-01
9.480000000000000426e+00,1.999864038499282737e+00,6.790232645633164088e-01
9.500000000000000000e+00,1.999866757729297007e+00,6.797782434277149788e-01
9.519999999999999574e+00,1.999869422574711120e+00,6.805906361155893425e-01
9.540000000000000924e+00,1.999872034123216791e+00,6.814567562042943560e-01
9.560000000000000497e+00,1.999874593440752468e+00,6.823731200841200994e-01
9.580000000000000071e+00,1.999877101571937432e+00,6.833364359691709300e-01
9.599999999999999645e+00,1.999879559540498786e+00,6.843435935026918049e-01
9.620000000000000995e+00,1.999881968349688899e+00,6.853916539246912576e-01
9.640000000000000568e+00,1.999884328982695081e+00,6.864778407714499098e-01
9.660000000000000142e+00,1.999886642403041259e+00,6.875995310781470859e-01
9.679999999999999716e+00,1.999888909554980332e+00,6.887542470573956299e-01
9.700000000000001066e+00,1.999891131363880747e+00,6.899396482279442910e-01
9.720000000000000639e+00,1.999893308736603093e+00,6.911535239692015997e-01
9.740000000000000213e+00,1.999895442561871128e+00,6.923937864785505436e-01
9.759999999999999787e+00,1.999897533710633724e+00,6.936584641096683601e-01
9.779999999999999361e+00,1.999899583036421014e+00,6.949456950712460390e-01
9.800000000000000711e+00,1.999901591375692567e+00,6.962537214666139063e-01
9.820000000000000284e+00,1.999903559548178666e+00,6.975808836558369253e-01
9.839999999999999858e+00,1.999905488357215155e+00,6.989256149228372239e-01
9.859999999999999432e+00,1.999907378590070950e+00,7.002864364310477097e-01
9.880000000000000782e+00,1.999909231018269562e+00,7.016619524519902562e-01
9.900000000000000355e+00,1.999911046397904180e+00,7.030508458520182691e-01
9.919999999999999929e+00,1.999912825469946087e+00,7.044518738232600219e-01
9.939999999999999503e+00,1.999914568960547090e+00,7.058638638455545511e-01
9.960000000000000853e+00,1.999916277581336166e+00,7.072857098668879905e-01
9.980000000000000426e+00,1.999917952029709456e+00,7.087163686905108007e-01
1.000000000000000000e+01,1.999919592989115369e+00,7.101548565575588334e-01
1.001999999999999957e+01,1.999921201129333026e+00,7.116002459146030246e-01
1.004000000000000092e+01,1.999922777106746263e+00,7.130516623561261591e-01
1.006000000000000050e+01,1.999924321564611418e+00,7.145082817324652780e-01
1.008000000000000007e+01,1.999925835133319119e+00,7.159693274142701069e-01
1.009999999999999964e+01,1.999927318430652745e+00,7.174340677050122794e-01
1.012000000000000099e+01,1.999928772062039783e+00,7.189018133935373145e-01
1.014000000000000057e+01,1.999930196620798961e+00,7.203719154390851864e-01
1.016000000000000014e+01,1.999931592688382942e+00,7.218437627816143287e-01
1.017999999999999972e+01,1.999932960834615248e+00,7.233167802706511607e-01
1.020000000000000107e+01,1.999934301617922960e+00,7.247904267062557082e-01
1.022000000000000064e+01,1.999935615585564541e+00,7.262641929860373935e-01
1.024000000000000021e+01,1.999936903273853206e+00,7.277376003524861359e-01
1.025999999999999979e+01,1.999938165208376084e+00,7.292101987351924386e-01
1.027999999999999936e+01,1.999939401904208491e+00,7.306815651828235669e-01
1.030000000000000071e+01,1.999940613866124428e+00,7.321513023800015896e-01
1.032000000000000028e+01,1.999941801588801971e+00,7.336190372444904018e-01
1.033999999999999986e+01,1.999942965557025998e+00,7.350844196003483155e-01
1.035999999999999943e+01,1.999944106245885589e+00,7.365471209229365046e-01
1.038000000000000078e+01,1.999945224120967868e+00,7.380068331518973013e-01
1.040000000000000036e+01,1.999946319638548520e+00,7.394632675684250644e-01
1.041999999999999993e+01,1.999947393245777638e+00,7.409161537333526226e-01
1.043999999999999950e+01,1.999948445380862028e+00,7.423652384827625905e-01
1.046000000000000085e+01,1.999949476473244836e+00,7.438102849780132697e-01
1.048000000000000043e+01,1.999950486943779859e+00,7.452510718072343776e-01
1.050000000000000000e+01,1.999951477204904293e+00,7.466873921355092758e-01
1.051999999999999957e+01,1.999952447660806154e+00,7.481190529011093604e-01
1.054000000000000092e+01,1.999953398707589924e+00,7.495458740552901622e-01
1.056000000000000050e+01,1.999954330733438201e+00,7.509676878432917091e-01
1.058000000000000007e+01,1.999955244118769349e+00,7.523843381243154882e-01
1.059999999999999964e+01,1.999956139236394037e+00,7.537956797283679178e-01
1.062000000000000099e+01,1.999957016451666236e+00,7.552015778479774788e-01
1.064000000000000057e+01,1.999957876122632872e+00,7.566019074628973495e-01
1.066000000000000014e+01,1.999958718600180152e+00,7.579965527960107474e-01
1.067999999999999972e+01,1.999959544228176567e+00,7.593854067987492185e-01
1.070000000000000107e+01,1.999960353343612995e+00,7.607683706644285948e-01
1.072000000000000064e+01,1.999961146276740820e+00,7.621453533679916070e-01
1.074000000000000021e+01,1.999961923351206039e+00,7.635162712307282940e-01
1.075999999999999979e+01,1.999962684884181829e+00,7.648810475086229577e-01
1.077999999999999936e+01,1.999963431186498219e+00,7.662396120030501301e-01
1.080000000000000071e+01,1.999964162562768211e+00,7.675919006926088528e-01
1.082000000000000028e+01,1.999964879311512789e+00,7.689378553849530729e-01
1.083999999999999986e+01,1.999965581725282604e+00,7.702774233875350207e-01
1.085999999999999943e+01,1.999966270090776987e+00,7.716105571962389442e-01
1.088000000000000078e+01,1.999966944688961412e+00,7.729372142009365287e-01
1.090000000000000036e+01,1.999967605795182291e+00,7.742573564070495129e-01
1.091999999999999993e+01,1.999968253679278662e+00,7.755709501722514165e-01
1.093999999999999950e+01,1.999968888605692996e+00,7.768779659574909235e-01
1.096000000000000085e+01,1.999969510833579101e+00,7.781783780915609849e-01
1.098000000000000043e+01,1.999970120616907598e+00,7.794721645484804506e-01
1.100000000000000000e+01,1.999970718204569398e+00,7.807593067369954509e-01
1.101999999999999957e+01,1.999971303840478054e+00,7.820397893015440527e-01
1.104000000000000092e+01,1.999971877763668582e+00,7.833135999340639088e-01
1.106000000000000050e+01,1.999972440208395152e+00,7.845807291960560370e-01
1.108000000000000007e+01,1.999972991404227241e+00,7.858411703503497270e-01
1.109999999999999964e+01,1.999973531576142660e+00,7.870949192020431084e-01
1.112000000000000099e+01,1.999974060944619714e+00,7.883419739481227762e-01
1.114000000000000057e+01,1.999974579725727342e+00,7.895823350352929593e-01
1.116000000000000014e+01,1.999975088131212830e+00,7.908160050255695905e-01
1.117999999999999972e+01,1.999975586368588631e+00,7.920429884692182787e-01
1.120000000000000107e+01,1.999976074641216961e+00,7.932632917846398346e-01
1.122000000000000064e+01,1.999976553148392622e+00,7.944769231448259861e-01
1.124000000000000021e+01,1.999977022085424716e+00,7.956838923700298993e-01
1.125999999999999979e+01,1.999977481643716137e+00,7.968842108263152202e-01
1.127999999999999936e+01,1.999977932010841730e+00,7.980778913296650012e-01
1.130000000000000071e+01,1.999978373370624896e+00,7.992649480553494223e-01
1.132000000000000028e+01,1.999978805903212420e+00,8.004453964522671994e-01
1.133999999999999986e+01,1.999979229785148194e+00,8.016192531619922290e-01
1.135999999999999943e+01,1.999979645189445154e+00,8.027865359422690084e-01
1.138000000000000078e+01,1.999980052285656340e+00,8.039472635947173540e-01
1.140000000000000036e+01,1.999980451239943280e+00,8.051014558965172707e-01
1.141999999999999993e+01,1.999980842215144383e+00,8.062491335358589195e-01
1.143999999999999950e+01,1.999981225370841553e+00,8.073903180509531818e-01
1.146000000000000085e+01,1.999981600863424802e+00,8.085250317724103075e-01
1.148000000000000043e+01,1.999981968846156200e+00,8.096532977688036814e-01
1.150000000000000000e+01,1.999982329469233155e+00,8.107751397952462913e-01
1.151999999999999957e+01,1.999982682879848594e+00,8.118905822448163612e-01
1.154000000000000092e+01,1.999983029222251574e+00,8.129996501026777178e-01
1.156000000000000050e+01,1.999983368637806569e+00,8.141023689027490073e-01
1.158000000000000007e+01,1.999983701265050540e+00,8.151987646867832060e-01
1.159999999999999964e+01,1.999984027239749551e+00,8.162888639657264189e-01
1.162000000000000099e+01,1.999984346694954507e+00,8.173726936832332868e-01
1.164000000000000057e+01,1.999984659761055328e+00,8.184502811812207623e-01
1.166000000000000014e+01,1.999984966565834243e+00,8.195216541673503441e-01
1.167999999999999972e+01,1.999985267234517528e+00,8.205868406843341845e-01
1.170000000000000107e+01,1.999985561889827235e+00,8.216458690809653742e-01
1.172000000000000064e+01,1.999985850652030717e+00,8.226987679847796997e-01
1.174000000000000021e+01,1.999986133638990138e+00,8.237455662762592778e-01
1.175999999999999979e+01,1.999986410966210437e+00,8.247862930644950241e-01
1.177999999999999936e+01,1.999986682746886180e+00,8.258209776642281286e-01
1.180000000000000071e+01,1.999986949091948407e+00,8.268496495741965990e-01
1.182000000000000028e+01,1.999987210110109492e+00,8.278723384567144850e-01
1.183999999999999986e+01,1.999987465907907325e+00,8.288890741184175015e-01
1.185999999999999943e+01,1.999987716589749276e+00,8.298998864921122154e-01
1.188000000000000078e+01,1.999987962257954388e+00,8.309048056196673970e-01
1.190000000000000036e+01,1.999988203012795340e+00,8.319038616358918059e-01
1.191999999999999993e+01,1.999988438952539527e+00,8.328970847533444521e-01
1.193999999999999950e+01,1.999988670173488803e+00,8.338845052480263753e-01
1.196000000000000085e+01,1.999988896770019009e+00,8.348661534459063116e-01
1.198000000000000043e+01,1.999989118834618607e+00,8.358420597102340643e-01
1.200000000000000000e+01,1.999989336457926203e+00,8.368122544295995002e-01
1.201999999999999957e+01,1.999989549728767635e+00,8.377767680066957601e-01
1.204000000000000092e+01,1.999989758734192380e+00,8.387356308477487143e-01
1.206000000000000050e+01,1.999989963559508421e+00,8.396888733525763593e-01
1.208000000000000007e+01,1.999990164288318217e+00,8.406365259052430705e-01
1.209999999999999964e+01,1.999990361002551786e+00,8.415786188652769617e-01
1.212000000000000099e+01,1.999990553782500680e+00,8.425151825594191513e-01
1.214000000000000057e+01,1.999990742706850622e+00,8.434462472738759597e-01
1.216000000000000014e+01,1.999990927852713707e+00,8.443718432470462831e-01
1.217999999999999972e+01,1.999991109295659486e+00,8.452920006626988281e-01
1.220000000000000107e+01,1.999991287109746274e+00,8.462067496435731195e-01
1.222000000000000064e+01,1.999991461367551349e+00,8.471161202453828531e-01
1.224000000000000021e+01,1.999991632140200259e+00,8.480201424511980557e-01
1.225999999999999979e+01,1.999991799497396361e+00,8.489188461661858476e-01
1.228000000000000114e+01,1.999991963507448345e+00,8.498122612126900455e-01
1.230000000000000071e+01,1.999992124237299329e+00,8.507004173256307311e-01
1.232000000000000028e+01,1.999992281752553280e+00,8.515833441482069111e-01
1.233999999999999986e+01,1.999992436117502326e+00,8.524610712278843927e-01
1.235999999999999943e+01,1.999992587395152288e+00,8.533336280126537776e-01
1.238000000000000078e+01,1.999992735647249331e+00,8.542010438475440282e-01
1.240000000000000036e+01,1.999992880934304385e+00,8.550633479713768414e-01
1.241999999999999993e+01,1.999993023315618235e+00,8.559205695137485082e-01
1.243999999999999950e+01,1.999993162849305950e+00,8.567727374922270434e-01
1.246000000000000085e+01,1.999993299592319751e+00,8.576198808097523774e-01
1.248000000000000043e+01,1.999993433600473436e+00,8.584620282522287260e-01
1.250000000000000000e+01,1.999993564928463918e+00,8.592992084862973723e-01
1.251999999999999957e+01,1.999993693629894542e+00,8.601314500572811994e-01
1.254000000000000092e+01,1.999993819757296620e+00,8.609587813872904283e-01
1.256000000000000050e+01,1.999993943362150750e+00,8.617812307734806776e-01
1.258000000000000007e+01,1.999994064494907686e+00,8.625988263864555750e-01
1.259999999999999964e+01,1.999994183205009435e+00,8.634115962688044821e-01
1.262000000000000099e+01,1.999994299540909237e+00,8.642195683337687839e-01
1.264000000000000057e+01,1.999994413550091110e+00,8.650227703640291921e-01
1.266000000000000014e+01,1.999994525279089386e+00,8.658212300106071790e-01
1.267999999999999972e+01,1.999994634773507585e+00,8.666149747918739932e-01
1.270000000000000107e+01,1.999994742078037513e+00,8.674040320926614811e-01
1.272000000000000064e+01,1.999994847236476803e+00,8.681884291634682782e-01
1.274000000000000021e+01,1.999994950291747342e+00,8.689681931197570375e-01
1.275999999999999979e+01,1.999995051285912373e+00,8.697433509413361463e-01
1.278000000000000114e+01,1.999995150260194032e+00,8.705139294718221565e-01
1.280000000000000071e+01,1.999995247254990227e+00,8.712799554181778205e-01
1.282000000000000028e+01,1.999995342309890400e+00,8.720414553503211819e-01
1.283999999999999986e+01,1.999995435463692628e+00,8.727984557008020561e-01
1.285999999999999943e+01,1.999995526754418718e+00,8.735509827645420167e-01
1.288000000000000078e+01,1.999995616219330419e+00,8.742990626986333336e-01
1.290000000000000036e+01,1.999995703894943855e+00,8.750427215221945332e-01
1.291999999999999993e+01,1.999995789817045067e+00,8.757819851162784719e-01
1.293999999999999950e+01,1.999995874020704223e+00,8.765168792238302586e-01
1.296000000000000085e+01,1.999995956540290054e+00,8.772474294496916958e-01
1.298000000000000043e+01,1.999996037409484284e+00,8.779736612606499069e-01
1.300000000000000000e+01,1.999996116661294510e+00,8.786955999855267097e-01
1.301999999999999957e+01,1.999676287528197483e+00,8.794132708153075129e-01
1.304000000000000092e+01,1.999055649385754752e+00,8.801266988033060734e-01
1.306000000000000050e+01,1.998152353119849511e+00,8.808359088653637814e-01
1.308000000000000007e+01,1.996983556822095052e+00,8.815409257800810305e-01
1.309999999999999964e+01,1.995565479549207488e+00,8.822417741890783427e-01
1.312000000000000099e+01,1.993913452174510326e+00,8.829384785972861360e-01
1.314000000000000057e+01,1.992041965488839050e+00,8.836310633732609165e-01
1.316000000000000014e+01,1.989964715699612308e+00,8.843195527495261166e-01
1.317999999999999972e+01,1.987694647468782660e+00,8.850039708229359148e-01
1.320000000000000107e+01,1.985243994622778896e+00,8.856843415550613718e-01
1.322000000000000064e+01,1.982624318660345386e+00,8.863606887725958838e-01
1.324000000000000021e+01,1.979846545177378569e+00,8.870330361677807307e-01
1.325999999999999979e+01,1.976920998321418432e+00,8.877014072988472781e-01
1.328000000000000114e+01,1.973857433382359305e+00,8.883658255904761658e-01
1.330000000000000071e+01,1.970665067620180899e+00,8.890263143342717056e-01
1.332000000000000028e+01,1.967352609425050636e+00,8.896828966892504909e-01
1.333999999999999986e+01,1.963928285899989801e+00,8.903355956823435502e-01
1.335999999999999943e+01,1.960399868951416602e+00,8.909844342089104918e-01
1.338000000000000078e+01,1.956774699968269804e+00,8.916294350332650831e-01
1.340000000000000036e+01,1.953059713166047429e+00,8.922706207892115993e-01
1.341999999999999993e+01,1.949261457667968545e+00,8.929080139805906091e-01
1.343999999999999950e+01,1.945386118391561281e+00,8.935416369818343085e-01
1.346000000000000085e+01,1.941439535805284722e+00,8.941715120385296256e-01
1.348000000000000043e+01,1.937427224616299348e+00,8.947976612679890973e-01
1.350000000000000000e+01,1.933354391447195342e+00,8.954201066598286296e-01
1.351999999999999957e+01,1.929225951556360563e+00,8.960388700765520298e-01
1.354000000000000092e+01,1.925046544653712610e+00,8.966539732541408680e-01
1.356000000000000050e+01,1.920820549860725590e+00,8.972654378026498900e-01
1.358000000000000007e+01,1.916552099861028591e+00,8.978732852068070924e-01
1.359999999999999964e+01,1.912245094285357938e+00,8.984775368266180173e-01
1.362000000000000099e+01,1.907903212372272117e+00,8.990782138979740434e-01
1.364000000000000057e+01,1.903529924943800022e+00,8.996753375332642300e-01
1.366000000000000014e+01,1.899128505733077121e+00,9.002689287219896030e-01
1.367999999999999972e+01,1.894702042099015493e+00,9.008590083313808838e-01
1.370000000000000107e+01,1.890253445161163004e+00,9.014455971070176599e-01
1.372000000000000064e+01,1.885785459386110086e+00,9.020287156734501099e-01
1.374000000000000021e+01,1.881300671655108836e+00,9.026083845348223944e-01
1.375999999999999979e+01,1.876801519840963994e+00,9.031846240754968225e-01
1.378000000000000114e+01,1.872290300920738115e+00,9.037574545606796850e-01
1.380000000000000071e+01,1.867769178649376860e+00,9.043268961370474202e-01
1.382000000000000028e+01,1.863240190818002517e+00,9.048929688333736676e-01
1.383999999999999986e+01,1.858705256119342897e+00,9.054556925611564333e-01
1.385999999999999943e+01,1.854166180641541040e+00,9.060150871152455876e-01
1.388000000000000078e+01,1.849624664010449226e+00,9.065711721744698082e-01
1.390000000000000036e+01,1.845082305199417627e+00,9.071239673022637451e-01
1.391999999999999993e+01,1.840540608024564539e+00,9.076734919472941865e-01
1.393999999999999950e+01,1.836000986342538832e+00,9.082197654440860024e-01
1.396000000000000085e+01,1.831464768966866830e+00,9.087628070136472003e-01
1.398000000000000043e+01,1.826933204318105464e+00,9.093026357640926483e-01
1.400000000000000000e+01,1.822407464822200396e+00,9.098392706912670214e-01
1.401999999999999957e+01,1.817888651070667771e+00,9.103727306793664154e-01
1.404000000000000092e+01,1.813377795755483968e+00,9.109030345015586283e-01
1.406000000000000050e+01,1.808875867390868697e+00,9.114302008206018879e-01
1.408000000000000007e+01,1.804383773833488469e+00,9.119542481894620245e-01
1.409999999999999964e+01,1.799902365611986133e+00,9.124751950519279786e-01
1.412000000000000099e+01,1.795432439076147135e+00,9.129930597432254213e-01
1.414000000000000057e+01,1.790974739375462699e+00,9.135078604906283761e-01
1.416000000000000014e+01,1.786529963276314970e+00,9.140196154140692864e-01
1.417999999999999972e+01,1.782098761826515831e+00,9.145283425267467514e-01
1.420000000000000107e+01,1.777681742875456328e+00,9.150340597357310424e-01
1.422000000000000064e+01,1.773279473457675781e+00,9.155367848425677302e-01
1.424000000000000021e+01,1.768892482047242032e+00,9.160365355438787605e-01
1.425999999999999979e+01,1.764521260689927873e+00,9.165333294319615298e-01
1.428000000000000114e+01,1.760166267019797504e+00,9.170271839953852977e-01
1.430000000000000071e+01,1.755827926166454001e+00,9.175181166195853777e-01
1.432000000000000028e+01,1.751506632558864851e+00,9.180061445874549975e-01
1.433999999999999986e+01,1.747202751631357742e+00,9.184912850799341610e-01
1.435999999999999943e+01,1.742916621437082370e+00,9.189735551765966237e-01
1.438000000000000078e+01,1.738648554173941374e+00,9.194529718562337584e-01
1.440000000000000036e+01,1.734398837627729062e+00,9.199295519974360902e-01
1.441999999999999993e+01,1.730167736536953660e+00,9.204033123791722781e-01
1.443999999999999950e+01,1.725955493883583935e+00,9.208742696813650985e-01
1.446000000000000085e+01,1.721762332113724536e+00,9.213424404854650973e-01
1.448000000000000043e+01,1.717588454292014122e+00,9.218078412750210227e-01
1.450000000000000000e+01,1.713434045193329869e+00,9.222704884362482591e-01
1.451999999999999957e+01,1.709299272335193187e+00,9.227303982585938202e-01
1.454000000000000092e+01,1.705184286954082973e+00,9.231875869352991204e-01
1.456000000000000050e+01,1.701089224928691968e+00,9.236420705639593054e-01
1.458000000000000007e+01,1.697014207652999263e+00,9.240938651470805842e-01
1.459999999999999964e+01,1.692959342861870775e+00,9.245429865926341195e-01
1.462000000000000099e+01,1.688924725411761196e+00,9.249894507146073641e-01
1.464000000000000057e+01,1.684910438018942358e+00,9.254332732335526224e-01
1.466000000000000014e+01,1.680916551957560845e+00,9.258744697771323917e-01
1.467999999999999972e+01,1.676943127719696225e+00,9.263130558806627057e-01
1.470000000000000107e+01,1.672990215639476919e+00,9.267490469876524806e-01
1.472000000000000064e+01,1.669057856483200597e+00,9.271824584503410849e-01
1.474000000000000021e+01,1.665146082007296080e+00,9.276133055302323571e-01
1.475999999999999979e+01,1.661254915485871342e+00,9.280416033986259583e-01
1.478000000000000114e+01,1.657384372209489642e+00,9.284673671371462822e-01
1.480000000000000071e+01,1.653534459956735425e+00,9.288906117382678129e-01
1.482000000000000028e+01,1.649705179440039471e+00,9.293113521058382620e-01
1.483999999999999986e+01,1.645896524727159083e+00,9.297296030555981527e-01
1.485999999999999943e+01,1.642108483639630689e+00,9.301453793156986283e-01
1.488000000000000078e+01,1.638341038129441429e+00,9.305586955272152627e-01
1.490000000000000036e+01,1.634594164635098767e+00,9.309695662446598741e-01
1.491999999999999993e+01,1.630867834418215256e+00,9.313780059364891173e-01
1.493999999999999950e+01,1.627162013881661595e+00,9.317840289856103020e-01
1.496000000000000085e+01,1.623476664870287189e+00,9.321876496898845454e-01
1.498000000000000043e+01,1.619811744955153232e+00,9.325888822626269281e-01
1.500000000000000000e+01,1.616167207702168707e+00,9.329877408331039845e-01
1.501999999999999957e+01,1.612543002925977742e+00,9.333842394470284187e-01
1.504000000000000092e+01,1.608939076929893464e+00,9.337783920670508220e-01
1.506000000000000050e+01,1.605355372732637953e+00,9.341702125732488371e-01
1.508000000000000007e+01,1.601791830282600193e+00,9.345597147636134361e-01
1.509999999999999964e+01,1.598248386660290121e+00,9.349469123545327554e-01
1.512000000000000099e+01,1.594724976269628280e+00,9.353318189812726002e-01
1.514000000000000057e+01,1.591221531018674806e+00,9.357144481984546180e-01
1.516000000000000014e+01,1.587737980490372403e+00,9.360948134805316956e-01
1.517999999999999972e+01,1.584274252103842207e+00,9.364729282222605811e-01
1.520000000000000107e+01,1.580830271266746800e+00,9.368488057391719526e-01
1.522000000000000064e+01,1.577405961519203981e+00,9.372224592680375999e-01
1.524000000000000021e+01,1.574001244669708255e+00,9.375939019673347197e-01
1.525999999999999979e+01,1.570616040923496159e+00,9.379631469177082126e-01
1.528000000000000114e+01,1.567250269003762408e+00,9.383302071224297602e-01
1.530000000000000071e+01,1.563903846266117226e+00,9.386950955078543490e-01
1.532000000000000028e+01,1.560576688806649681e+00,9.390578249238743513e-01
1.533999999999999986e+01,1.557268711563944974e+00,9.394184081443706091e-01
1.535999999999999943e+01,1.553979828415384290e+00,9.397768578676614082e-01
1.538000000000000078e+01,1.550709952268036762e+00,9.401331867169485657e-01
1.540000000000000036e+01,1.547458995144437299e+00,9.404874072407608532e-01
1.541999999999999993e+01,1.544226868263528063e+00,9.408395319133949775e-01
1.543999999999999950e+01,1.541013482117027156e+00,9.411895731353540073e-01
1.546000000000000085e+01,1.537818746541471882e+00,9.415375432337832473e-01
1.548000000000000043e+01,1.534642570786172611e+00,9.418834544629034466e-01
1.550000000000000000e+01,1.531484863577297961e+00,9.422273190044415658e-01
1.551999999999999957e+01,1.528345533178304239e+00,9.425691489680593227e-01
1.554000000000000092e+01,1.525224487446905419e+00,9.429089563917785188e-01
1.556000000000000050e+01,1.522121633888773307e+00,9.432467532424048118e-01
1.558000000000000007e+01,1.519036879708146159e+00,9.435825514159481564e-01
1.559999999999999964e+01,1.515970131855512326e+00,9.439163627380413590e-01
1.562000000000000099e+01,1.512921297072529869e+00,9.442481989643558560e-01
1.564000000000000057e+01,1.509890281934332501e+00,9.445780717810152716e-01
1.566000000000000014e+01,1.506876992889363942e+00,9.449059928050065338e-01
1.567999999999999972e+01,1.503881336296874371e+00,9.452319735845884363e-01
1.570000000000000107e+01,1.500903218462209532e+00,9.455560255996977581e-01
1.572000000000000064e+01,1.497942545670009729e+00,9.458781602623534956e-01
1.574000000000000021e+01,1.494999224215433964e+00,9.461983889170579864e-01
1.575999999999999979e+01,1.492073160433518231e+00,9.465167228411962563e-01
1.578000000000000114e+01,1.489164260726768552e+00,9.468331732454327021e-01
1.580000000000000071e+01,1.486272431591085130e+00,9.471477512741058868e-01
1.582000000000000028e+01,1.483397579640110209e+00,9.474604680056201156e-01
1.583999999999999986e+01,1.480539611628084673e+00,9.477713344528357897e-01
1.586000000000000121e+01,1.477698434471295785e+00,9.480803615634566528e-01
1.588000000000000078e+01,1.474873955268193315e+00,9.483875602204153710e-01
1.590000000000000036e+01,1.472066081318246011e+00,9.486929412422562269e-01
1.591999999999999993e+01,1.469274720139609913e+00,9.489965153835161482e-01
1.593999999999999950e+01,1.466499779485670008e+00,9.492982933351029606e-01
1.596000000000000085e+01,1.463741167360521844e+00,9.495982857246718645e-01
1.598000000000000043e+01,1.460998792033447069e+00,9.498965031169993578e-01
1.600000000000000000e+01,1.458272562052441490e+00,9.501929560143552722e-01
1.601999999999999957e+01,1.455562386256845642e+00,9.504876548568724770e-01
1.603999999999999915e+01,1.452868173789128692e+00,9.507806100229140300e-01
1.605999999999999872e+01,1.450189834105872544e+00,9.510718318294388851e-01
1.608000000000000185e+01,1.447527276987999212e+00,9.513613305323649350e-01
1.610000000000000142e+01,1.444880412550284543e+00,9.516491163269299447e-01
1.612000000000000099e+01,1.442249151250196482e+00,9.519351993480507090e-01
1.614000000000000057e+01,1.439633403896097619e+00,9.522195896706796558e-01
1.616000000000000014e+01,1.437033081654844668e+00,9.525022973101594514e-01
1.617999999999999972e+01,1.434448096058820177e+00,9.527833322225758295e-01
1.619999999999999929e+01,1.431878359012427548e+00,9.530627043051079772e-01
1.621999999999999886e+01,1.429323782798079590e+00,9.533404233963770347e-01
1.624000000000000199e+01,1.426784280081708545e+00,9.536164992767922621e-01
1.626000000000000156e+01,1.424259763917824495e+00,9.538909416688957643e-01
1.628000000000000114e+01,1.421750147754147209e+00,9.541637602377044391e-01
1.630000000000000071e+01,1.419255345435836979e+00,9.544349645910505942e-01
1.632000000000000028e+01,1.416775271209343989e+00,9.547045642799198983e-01
1.633999999999999986e+01,1.414309839725901075e+00,9.549725687987878908e-01
1.635999999999999943e+01,1.411858966044677866e+00,9.552389875859542689e-01
1.637999999999999901e+01,1.409422565635615632e+00,9.555038300238750670e-01
1.639999999999999858e+01,1.407000554381962809e+00,9.557671054394930588e-01
1.642000000000000171e+01,1.404592848582525866e+00,9.560288231045663832e-01
1.644000000000000128e+01,1.402199364953652827e+00,9.562889922359946171e-01
1.646000000000000085e+01,1.399820020630965889e+00,9.565476219961437376e-01
1.648000000000000043e+01,1.397454733170854890e+00,9.568047214931683087e-01
1.650000000000000000e+01,1.395103420551748741e+00,9.570602997813326684e-01
1.651999999999999957e+01,1.392766001175174129e+00,9.573143658613293416e-01
1.653999999999999915e+01,1.390442393866617499e+00,9.575669286805962299e-01
1.655999999999999872e+01,1.388132517876198291e+00,9.578179971336314713e-01
1.658000000000000185e+01,1.385836292879166987e+00,9.580675800623068561e-01
1.660000000000000142e+01,1.383553638976237066e+00,9.583156862561789113e-01
1.662000000000000099e+01,1.381284476693761532e+00,9.585623244527987641e-01
1.664000000000000057e+01,1.379028726983762221e+00,9.588075033380193402e-01
1.666000000000000014e+01,1.376786311223820780e+00,9.590512315463017856e-01
1.667999999999999972e+01,1.374557151216841078e+00,9.592935176610191128e-01
1.669999999999999929e+01,1.372341169190688603e+00,9.595343702147586251e-01
1.671999999999999886e+01,1.370138287797715737e+00,9.597737976896222323e-01
1.674000000000000199e+01,1.367948430114180214e+00,9.600118085175253224e-01
1.676000000000000156e+01,1.365771519639561671e+00,9.602484110804935247e-01
1.678000000000000114e+01,1.363607480295783603e+00,9.604836137109580285e-01
1.680000000000000071e+01,1.361456236426347610e+00,9.607174246920489047e-01
1.682000000000000028e+01,1.359317712795383271e+00,9.609498522578868718e-01
1.683999999999999986e+01,1.357191834586620294e+00,9.611809045938730645e-01
1.685999999999999943e+01,1.355078527402288513e+00,9.614105898369775804e-01
1.687999999999999901e+01,1.352977717261949042e+00,9.616389160760258070e-01
1.689999999999999858e+01,1.350889330601261040e+00,9.618658913519833042e-01
1.692000000000000171e+01,1.348813294270690522e+00,9.620915236582390229e-01
1.694000000000000128e+01,1.346749535534161879e+00,9.623158209408867458e-01
1.696000000000000085e+01,1.344697982067658337e+00,9.625387910990049756e-01
1.698000000000000043e+01,1.342658561957773999e+00,9.627604419849350448e-01
1.700000000000000000e+01,1.340631203700221041e+00,9.629807814045575620e-01
1.701999999999999957e+01,1.338615836198294939e+00,9.631998171175676360e-01
1.703999999999999915e+01,1.336612388761300174e+00,9.634175568377475463e-01
1.705999999999999872e+01,1.334620791102941739e+00,9.636340082332390811e-01
1.708000000000000185e+01,1.332640973339681123e+00,9.638491789268130994e-01
1.710000000000000142e+01,1.330672865989063203e+00,9.640630764961379828e-01
1.712000000000000099e+01,1.328716399968013828e+00,9.642757084740467555e-01
1.714000000000000057e+01,1.326771506591110761e+00,9.644870823488023159e-01
1.716000000000000014e+01,1.324838117568832185e+00,9.646972055643607824e-01
1.717999999999999972e+01,1.322916165005781242e+00,9.649060855206341714e-01
1.719999999999999929e+01,1.321005581398891238e+00,9.651137295737505228e-01
1.721999999999999886e+01,1.319106299635612878e+00,9.653201450363133596e-01
1.724000000000000199e+01,1.317218252992083505e+00,9.655253391776588145e-01
1.726000000000000156e+01,1.315341375131282575e+00,9.657293192241118707e-01
1.728000000000000114e+01,1.313475600101172036e+00,9.659320923592409347e-01
1.730000000000000071e+01,1.311620862332826265e+00,9.661336657241105241e-01
1.732000000000000028e+01,1.309777096638548910e+00,9.663340464175329547e-01
1.733999999999999986e+01,1.307944238209981513e+00,9.665332414963183627e-01
1.735999999999999943e+01,1.306122222616203921e+00,9.667312579755230617e-01
1.737999999999999901e+01,1.304310985801825806e+00,9.669281028286965674e-01
1.740000000000000213e+01,1.302510464085073094e+00,9.671237829881275117e-01
1.742000000000000171e+01,1.300720594155869048e+00,9.673183053450874480e-01
1.744000000000000128e+01,1.298941313073910031e+00,9.675116767500735460e-01
1.746000000000000085e+01,1.297172558266738607e+00,9.677039040130500647e-01
1.748000000000000043e+01,1.295414267527813745e+00,9.678949939036879391e-01
1.750000000000000000e+01,1.293666379014579038e+00,9.680849531516033668e-01
1.751999999999999957e+01,1.291928831246529574e+00,9.682737884465947298e-01
1.753999999999999915e+01,1.290201563103278382e+00,9.684615064388780725e-01
1.755999999999999872e+01,1.288484513822623523e+00,9.686481137393215812e-01
1.758000000000000185e+01,1.286777622998614756e+00,9.688336169196779535e-01
1.760000000000000142e+01,1.285080830579623301e+00,9.690180225128164349e-01
1.762000000000000099e+01,1.283394076866411826e+00,9.692013370129523020e-01
1.764000000000000057e+01,1.281717302510207546e+00,9.693835668758759017e-01
1.766000000000000014e+01,1.280050448510778205e+00,9.695647185191799133e-01
1.767999999999999972e+01,1.278393456214511392e+00,9.697447983224853907e-01
1.769999999999999929e+01,1.276746267312497185e+00,9.699238126276664707e-01
1.771999999999999886e+01,1.275108823838615235e+00,9.701017677390734173e-01
1.774000000000000199e+01,1.273481068167626074e+00,9.702786699237551105e-01
1.776000000000000156e+01,1.271862943013267966e+00,9.704545254116794251e-01
1.778000000000000114e+01,1.270254391426357765e+00,9.706293403959527222e-01
1.780000000000000071e+01,1.268655356792897759e+00,9.708031210330377858e-01
1.782000000000000028e+01,1.267065782832188958e+00,9.709758734429710936e-01
1.783999999999999986e+01,1.265485613594949044e+00,9.711476037095778668e-01
1.785999999999999943e+01,1.263914793461437203e+00,9.713183178806864548e-01
1.787999999999999901e+01,1.262353267139585622e+00,9.714880219683414975e-01
1.790000000000000213e+01,1.260800979663137644e+00,9.716567219490154228e-01
1.792000000000000171e+01,1.259257876389791697e+00,9.718244237638189453e-01
1.794000000000000128e+01,1.257723902999354326e+00,9.719911333187105651e-01
1.796000000000000085e+01,1.256199005491898557e+00,9.721568564847042904e-01
1.798000000000000043e+01,1.254683130185930251e+00,9.723215990980764722e-01
1.800000000000000000e+01,1.253176223716562676e+00,9.724853669605711959e-01
1.801999999999999957e+01,1.251678233033697740e+00,9.726481658396047836e-01
1.803999999999999915e+01,1.250189105400215217e+00,9.728100014684689656e-01
1.805999999999999872e+01,1.248708788390171076e+00,9.729708795465327187e-01
1.808000000000000185e+01,1.247237229887001364e+00,9.731308057394426614e-01
1.810000000000000142e+01,1.245774378081736966e+00,9.732897856793231162e-01
1.812000000000000099e+01,1.244320181471224585e+00,9.734478249649741732e-01
1.814000000000000057e+01,1.242874588856356821e+00,9.736049291620687551e-01
1.816000000000000014e+01,1.241437549340310476e+00,9.737611038033489042e-01
1.817999999999999972e+01,1.240009012326792837e+00,9.739163543888204044e-01
1.819999999999999929e+01,1.238588927518297300e+00,9.740706863859465159e-01
1.821999999999999886e+01,1.237177244914366980e+00,9.742241052298405979e-01
1.824000000000000199e+01,1.235773914809866536e+00,9.743766163234575117e-01
1.826000000000000156e+01,1.234378887793263546e+00,9.745282250377839128e-01
1.828000000000000114e+01,1.232992114744917655e+00,9.746789367120272107e-01
1.830000000000000071e+01,1.231613546835378603e+00,9.748287566538038629e-01
1.832000000000000028e+01,1.230243135523693576e+00,9.749776901393260031e-01
1.833999999999999986e+01,1.228880832555722336e+00,9.751257424135876262e-01
1.835999999999999943e+01,1.227526589962461667e+00,9.752729186905489955e-01
1.837999999999999901e+01,1.226180360058378938e+00,9.754192241533202745e-01
1.840000000000000213e+01,1.224842095439753198e+00,9.755646639543443799e-01
1.842000000000000171e+01,1.223511748983026282e+00,9.757092432155779482e-01
1.844000000000000128e+01,1.222189273843162116e+00,9.758529670286720803e-01
1.846000000000000085e+01,1.220874623452015362e+00,9.759958404551516420e-01
1.848000000000000043e+01,1.219567751516707599e+00,9.761378685265932331e-01
1.850000000000000000e+01,1.218268612018013508e+00,9.762790562448026011e-01
1.851999999999999957e+01,1.216977159208755932e+00,9.764194085819909441e-01
1.853999999999999915e+01,1.215693347612208042e+00,9.765589304809496607e-01
1.855999999999999872e+01,1.214417132020506163e+00,9.766976268552246543e-01
1.858000000000000185e+01,1.213148467493070370e+00,9.768355025892891952e-01
1.860000000000000142e+01,1.211887309355034192e+00,9.769725625387162271e-01
1.862000000000000099e+01,1.210633613195682523e+00,9.771088115303490085e-01
1.864000000000000057e+01,1.209387334866898200e+00,9.772442543624714206e-01
1.866000000000000014e+01,1.208148430481618352e+00,9.773788958049768327e-01
1.867999999999999972e+01,1.206916856412297845e+00,9.775127405995358565e-01
1.869999999999999929e+01,1.205692569289382510e+00,9.776457934597637678e-01
1.871999999999999886e+01,1.204475525999790131e+00,9.777780590713861519e-01
1.874000000000000199e+01,1.203265683685400766e+00,9.779095420924041049e-01
1.876000000000000156e+01,1.202062999741554838e+00,9.780402471532581021e-01
1.878000000000000114e+01,1.200867431815560327e+00,9.781701788569913125e-01
1.880000000000000071e+01,1.199678937805208179e+00,9.782993417794114688e-01
1.882000000000000028e+01,1.198497475857296157e+00,9.784277404692521829e-01
1.883999999999999986e+01,1.197323004366161125e+00,9.785553794483330403e-01
1.885999999999999943e+01,1.196155481972219992e+00,9.786822632117189169e-01
1.887999999999999901e+01,1.194994867560517982e+00,9.788083962278781858e-01
1.890000000000000213e+01,1.193841120259287125e+00,9.789337829388401468e-01
1.892000000000000171e+01,1.192694199438510738e+00,9.790584277603514574e-01
1.894000000000000128e+01,1.191554064708497895e+00,9.791823350820316740e-01
1.896000000000000085e+01,1.190420675918465454e+00,9.793055092675277962e-01
1.898000000000000043e+01,1.189293993155128293e+00,9.794279546546678095e-01
1.900000000000000000e+01,1.188173976741297544e+00,9.795496755556138968e-01
1.901999999999999957e+01,1.187060587234487041e+00,9.796706762570136506e-01
1.903999999999999915e+01,1.185953785425527762e+00,9.797909610201516184e-01
1.905999999999999872e+01,1.184853532337191151e+00,9.799105340810990716e-01
1.908000000000000185e+01,1.183759789222818437e+00,9.800293996508632199e-01
1.910000000000000142e+01,1.182672517564960168e+00,9.801475619155356478e-01
1.912000000000000099e+01,1.181591679074022183e+00,9.802650250364394191e-01
1.914000000000000057e+01,1.180517235686919797e+00,9.803817931502759597e-01
1.916000000000000014e+01,1.179449149565739763e+00,9.804978703692707187e-01
1.917999999999999972e+01,1.178387383096410668e+00,9.806132607813177193e-01
1.919999999999999929e+01,1.177331898887380435e+00,9.807279684501236661e-01
1.921999999999999886e+01,1.176282659768301153e+00,9.808419974153512744e-01
1.924000000000000199e+01,1.175239628788722568e+00,9.809553516927611572e-01
1.926000000000000156e+01,1.174202769216792897e+00,9.810680352743534893e-01
1.928000000000000114e+01,1.173172044537966530e+00,9.811800521285086729e-01
1.930000000000000071e+01,1.172147418453720391e+00,9.812914062001267812e-01
1.932000000000000028e+01,1.171128854880276959e+00,9.814021014107666696e-01
1.933999999999999986e+01,1.170116317947334839e+00,9.815121416587840875e-01
1.935999999999999943e+01,1.169109771996807545e+00,9.816215308194690126e-01
1.937999999999999901e+01,1.168109181581568734e+00,9.817302727451819866e-01
1.940000000000000213e+01,1.167114511464205417e+00,9.818383712654900064e-01
1.942000000000000171e+01,1.166125726615777625e+00,9.819458301873010830e-01
1.944000000000000128e+01,1.165142792214586942e+00,9.820526532949985787e-01
1.946000000000000085e+01,1.164165673644950827e+00,9.821588443505742116e-01
1.948000000000000043e+01,1.163194336495984249e+00,9.822644070937609495e-01
1.950000000000000000e+01,1.162228746560389103e+00,9.823693452421642380e-01
1.951999999999999957e+01,1.161268869833250950e+00,9.824736624913933403e-01
1.953999999999999915e+01,1.160314672510841749e+00,9.825773625151912327e-01
1.955999999999999872e+01,1.159366120989430593e+00,9.826804489655640573e-01
1.958000000000000185e+01,1.158423181864100648e+00,9.827829254729095743e-01
1.960000000000000142e+01,1.157485821927573877e+00,9.828847956461453927e-01
1.962000000000000099e+01,1.156554008169042191e+00,9.829860630728357584e-01
1.964000000000000057e+01,1.155627707773005497e+00,9.830867313193178969e-01
1.966000000000000014e+01,1.154706888118116836e+00,9.831868039308278018e-01
1.967999999999999972e+01,1.153791516776034198e+00,9.832862844316249129e-01
1.969999999999999929e+01,1.152881561510278763e+00,9.833851763251163502e-01
1.971999999999999886e+01,1.151976990275100254e+00,9.834834830939802597e-01
1.974000000000000199e+01,1.151077771214349177e+00,9.835812082002882706e-01
1.976000000000000156e+01,1.150183872660355267e+00,9.836783550856277314e-01
1.978000000000000114e+01,1.149295263132812384e+00,9.837749271712227239e-01
1.980000000000000071e+01,1.148411911337670732e+00,9.838709278580546336e-01
1.982000000000000028e+01,1.147533786166035075e+00,9.839663605269818314e-01
1.983999999999999986e+01,1.146660856693069386e+00,9.840612285388588010e-01
1.985999999999999943e+01,1.145793092176908612e+00,9.841555352346544883e-01
1.987999999999999901e+01,1.144930462057575760e+00,9.842492839355699852e-01
1.990000000000000213e+01,1.144072935955906090e+00,9.843424779431555471e-01
1.992000000000000171e+01,1.143220483672478194e+00,9.844351205394266113e-01
1.994000000000000128e+01,1.142373075186550180e+00,9.845272149869795930e-01
1.996000000000000085e+01,1.141530680655002739e+00,9.846187645291066826e-01
1.998000000000000043e+01,1.140693270411288429e+00,9.847097723899103094e-01
